,x,y,OSM_id,OSM_type,OSM_name,OSM_voltage,OSM_operator,comment,comment 2
PETITE-ROSSELLE,6.882409823216308,49.19727966719972,90854143.0,Polygon,Petite Rosselle,225000,RTE,,
CERNAY,4.086372164426284,49.27226778420896,83105240.0,Polygon,Poste électrique de Cernay,225000,RTE,,
MONTLUCON,2.604230087757679,46.32022136121844,70452467.0,Polygon,Poste électrique de Montluçon,225000,RTE,,
MOIMONT,2.529013165334914,49.09104227125581,85339874.0,Polygon,Poste électrique de Moimont,225000;20000,RTE,,
CROISIERE,4.697554834849975,44.27101015553039,278718504.0,Polygon,Sous-station RFF de La Croisière,225000;25000,SNCF,,
GANGES,3.724252490124637,43.94588799387279,121087628.0,Polygon,Poste électrique de Ganges,225000;63000,RTE,,
CORBIERE (LA),-0.4780716853550414,47.48586093801512,154391107.0,Polygon,Poste Électrique de la Corbière,225000;90000,RTE,,
LAVEYRUNE,3.89988835703233,44.620464729263375,590596961.0,Polygon,Laveyrune,225000,RTE,,
ARNAGE,0.1837732034031969,47.92149816896836,28525395.0,Polygon,Poste électrique de Arnage,225000,RTE,,
BELLE-EPINE,-1.753748476462769,48.12830163968706,147394006.0,Polygon,Poste électrique de Belle-Épine,225000,RTE,,
BATZENDORF,7.724372417796836,48.79929535446316,146402374.0,Polygon,Poste électrique de Batzendorf,225000,RTE,,
IZERNORE,5.549946296844681,46.1988352197841,122755047.0,Polygon,Poste électrique d’Izernore,225000;63000,RTE,,
MOUSSEAUX,1.726436805280788,46.81186780762602,117421453.0,Polygon,Poste Électrique de Mousseaux,225000;90000,RTE,,
ST-VICTOR,2.8044044238254044,44.05121202333036,80719004.0,Polygon,Poste électrique de Saint-Victor,225000;63000,RTE,,
TARASCON,1.5973987946250885,42.85152169189055,118400623.0,Polygon,Poste électrique de Tarascon,225000;150000;63000,RTE,,
CHAMPFLEUR,0.1055195377818443,48.37461656931119,112145777.0,Polygon,Poste électrique de Champfleur,225000;90000,RTE,,
STENAY,5.2002322898457,49.50971173442053,147398278.0,Polygon,Poste électrique de Stenay,225000,RTE,,
ENVAL,2.999461434366686,45.76533151592562,136416550.0,Polygon,Poste électrique d'Enval,225000;63000;20000,RTE,,
VARENNES (-SUR-FOUZON),1.5967756894832934,47.19176784016708,138973246.0,Polygon,Poste électrique de Varennes-Sur-Fouzon,225000;90000,RTE,No 100% match,
CARRIERES,2.441358959536228,49.24306512721464,749073921.0,Polygon,Poste électrique de Carrières,225000;63000;20000,RTE,,
EGUZON,1.6208896628045883,46.45818701298615,105783300.0,Polygon,Poste Électrique d'Éguzon,400000,RTE,,Duplicated OSM name: 105783300 105783305
ROGNAC,5.217430308003879,43.50726996530401,110602470.0,Polygon,Poste électrique de Rognac,225000,RTE,,
FREJUS,6.732626550217389,43.43742045805059,416438054.0,Polygon,Poste électrique de Fréjus,225000;63000;20000,RTE,,
MONTPEZAT,4.229479123245475,44.70268701472201,440538762.0,Polygon,Poste de Montpezat,225000,RTE,,
DONZENAC,1.522387072131589,45.21457994561429,138787590.0,Polygon,Poste électrique de Donzenac,225000;90000,RTE,,
AUBE,0.5565826282243566,48.74285801370221,146360237.0,Polygon,Poste électrique d’Aube,225000;90000,RTE,,
MEZEROLLES,1.7414665298089864,48.93301538081502,89034196.0,Polygon,Poste électrique de Mézerolles,400000;225000,RTE,,
DOMLOUP,-1.5561146152403578,48.09291698283413,85995894.0,Polygon,Poste électrique de Domloup,400000;225000;90000,RTE,,
DUVIGNEAU,2.156983432746156,51.01596527342305,648250788.0,Polygon,Duvigneau,225000;20000,OVH,,
SORRUS,1.7217730643993507,50.45568955535806,147580996.0,Polygon,Poste électrique de Sorrus,225000;90000,RTE + ENEDIS,,
LAVERA,5.023802904553769,43.38332025691539,114730382.0,Polygon,Poste électrique de Lavéra Martigues,250000;225000,RTE,,
SEMINAIRE,3.361491179587218,46.53525729622625,137355542.0,Polygon,Poste électrique de Séminaire,225000;63000;20000,RTE,,
CAZARIL,0.513481901182392,43.1713192486192,110443404.0,Polygon,Poste électrique de Cazaril,400000;225000,RTE,,
DRONNIERE (LA),-0.3388882468688029,49.138675090967496,110542740.0,Polygon,Poste électrique de la Dronnière,225000,RTE,,
AVOINE,0.1634846272013932,47.22425638733651,117446401.0,Polygon,Poste électrique d'Avoine,400000,RTE,,
DISTRE,-0.1143216931660547,47.20793098255361,99722046.0,Polygon,Poste électrique de Distré,400000;22500;90000,RTE,,
CHATEAUNEUF-DU-RHONE,4.709232399507029,44.49552179616439,104240116.0,Polygon,Poste électrique de Châteauneuf-du Rhône,225000;63000,RTE,No 100% match,
VOGELGRUN,7.572465348870109,48.01884216825072,81638061.0,Polygon,Poste électrique de Vogelgrun,225000,RTE,,
STE-TULLE,5.774807046291845,43.78355668306787,121499607.0,Polygon,Poste électrique de Saint-Tulle,63000;150000;225000,RTE,,
MIEGEBAT,-0.4470345938755035,42.93162961495009,146402376.0,Polygon,Poste électrique de Miegebat,225000,RTE,,
PLAN-D ORGON,5.017941674506932,43.827187535884704,241189382.0,Polygon,Poste électrique du Plan d'Orgon,400000;225000;63000,RTE,,
PALENTE,6.054120159457461,47.26741441667338,468096792.0,Polygon,Poste électrique de Palente,225000;63000,RTE,,
LIMEUX,1.8284427499373248,50.010962446191904,580568888.0,Polygon,Poste électrique de Limeux,400000;225000,RTE,,
GUPIE,0.1416428548655993,44.550541978803146,190187643.0,Polygon,Poste électrique de la Gupie,225000;63000,RTE,,
MONTCROISETTE,2.801933139104025,50.45048727273784,169799372.0,Polygon,Poste électrique de Montcroisette,225000;20000,RTE,,
CHAMPAGNOLE,5.907559333158061,46.7582482947778,122411058.0,Polygon,Poste électrique de Champagnole,225000;63000;20000,RTE,,
CORIOLIS,2.3916055812123527,48.83579968758419,78052541.0,Polygon,Poste électrique de Coriolis,225000;20000,Enedis,,
COUDON (LE),5.972760022936392,43.15782310062433,150329778.0,Polygon,Poste électrique de Coudon,225000;63000,RTE,,
CHATEAURENARD,4.856870395025738,43.864291140070456,135282004.0,Polygon,Poste électrique de Chateaurenard,225000;63000,RTE,,
PONT-SUR-SAMBRE,3.863788937075006,50.229395787797,147580984.0,Polygon,Poste électrique de Pont-sur-Sambre,225000,RTE,,
SAINT HUBERT,6.134303830976027,49.30024958584424,204349873.0,Polygon,Poste électrique de Saint-Hubert,225000;63000,RTE,,
PRATCLAUX,3.6499616663240495,44.973430890919815,125494395.0,Polygon,Poste électrique de Pratclaux,225000;63000,RTE,,
CHEVILLY,2.365261606887227,48.77390797557032,44448089.0,Polygon,Poste électrique de Chevilly,225000,RTE,,
RABATAU,5.397325113345998,43.27729888847019,590866686.0,Polygon,Rabatau,225000,RTE,,
SENART,2.5847970858901013,48.60870116939494,118339972.0,Polygon,Poste électrique de Sénart,225000,RTE,,
PLEYBER-CHRIST,-3.871901727025589,48.52641023998031,147394013.0,Polygon,Poste électrique de Pleyber-Christ,225000;63000,RTE,,
BALARUC,3.706113015408188,43.445862586619896,129830455.0,Polygon,Poste électrique de Balaruc,225000,RTE,,
FLORENSAC,3.4815509880752606,43.38642905037343,130595758.0,Polygon,Poste électrique de Florensac,225000;63000,RTE,,
ROYE,2.8004278498184187,49.694178178022426,148059535.0,Polygon,Poste électrique de Roye,225000,RTE,,
ST-AUBAN,6.003060855185392,44.0742804750387,146590048.0,Polygon,Poste électrique de Saint-Auban,225000;63000,RTE,,
PLESSIS-GASSOT,2.432692844072609,49.03408698756391,82741307.0,Polygon,Poste électrique de Plessis-Gassot,400000;225000,RTE,,
RANDENS,6.319091453549917,45.52675310248889,208424341.0,Polygon,Poste Électrique de Randens,225000;150000;45000;42000,RTE,,
REALTOR,5.342828629110837,43.44684792039792,27259817.0,Polygon,Poste électrique de Cabriès Realtor,400000;225000,RTE,Multiple matches,
LESCAR,-0.4346224619983327,43.31518472560183,146449674.0,Polygon,Poste électrique de Lescar,225000,RTE,,
ISSOIRE,3.254790218011277,45.55486141186439,74699439.0,Polygon,Poste électrique d'Issoire,225000;63000;20000,RTE,,Duplicated OSM name: 74699439 477926841
PIQUAGE A PLUVIGNER,-2.1681130290915718,47.33806244548545,143124467.0,Polygon,Poste électrique de Guersac,225000,RTE,,
LUMES,4.79623406856392,49.748086321125065,129631438.0,Polygon,Poste électrique de Lumes,225000;63000,RTE,,
AVALLON,3.919587331809126,47.4966466147318,1056316394.0,Polygon,Poste électrique d’Avallon,225000;63000,RTE,,
JOUX-LA-VILLE,3.882428983326253,47.64362080120502,471603406.0,Polygon,Poste électrique de Joux-la-Ville,225000,WPD,,Duplicated OSM name: 471603406 474033911
BONNIERES,1.5592797339665152,49.02249122069794,92316708.0,Polygon,Poste électrique de Bonnières,225000,RTE,,
ENCO-DE-BOTTE,5.480837385421006,43.32087643224694,118213015.0,Polygon,En Cò-de-Botte,225000,RTE,No 100% match,
SANILHAC,0.6853809700189103,45.14318908924827,134147651.0,Polygon,Poste électrique de Sanilhac,225000;63000,RTE,,
CRETAINE,2.3584988854098974,48.79926572472379,682366052.0,Polygon,Poste électrique de Crétaine,225000,RTE,,
LESQUIVE,1.2733547589847165,43.81667004235361,49510896.0,Polygon,Poste électrique de Lesquive,400000;225000,RTE,,
SARREGUEMINES,7.0775262050085646,49.09587066159895,136286073.0,Polygon,Sarreguemines,225000,RTE,,
RANVILLE,-0.2817662670103576,49.21639555694501,108089073.0,Polygon,Poste électrique de Ranville,225000,RTE,,
PRAGNERES,0.0115129522737736,42.82146296080668,207479669.0,Polygon,Pragneres,225000;63000,RTE,,
BEAULIEU,-1.1204308211662717,46.17632926584693,38073132.0,Polygon,Poste électrique de Beaulieu,225000;90000;20000,RTE,,
GIVORS-BANS,4.78233296929867,45.57566719280128,118133062.0,Polygon,Poste électrique de Givors Bans,225000;63000;20000,RTE,,
NOGENTEL,3.4066175602400266,49.023786914830616,146534504.0,Polygon,Poste électrique de Nogentel,225000,RTE,,
MUREAUX (LES),1.8950180994203267,48.99286556243229,89022039.0,Polygon,Poste électrique des Mureaux,225000;63000,RTE,,
BARBUISE,3.592072108716269,48.560956867403966,118387084.0,Polygon,Poste électrique de Barbuise,225000;63000,RTE,,
MOUGUERRE,-1.4414708353476575,43.48444364321335,111558561.0,Polygon,Poste électrique de Mouguerre,225000,RTE,,
AVELIN,3.0822795331406705,50.52484805919224,85605950.0,Polygon,Poste électrique d’Avelin,400000;225000,RTE,,
GRAND-COEUR,6.488385705350899,45.51582329971605,147580968.0,Polygon,Poste électrique de Grand-Coeur,63000;225000,RTE,,
AULNOYE,3.8162172886683208,50.19920449798767,757237014.0,Polygon,Aulnoye,225000,RTE,,
PLAINE HAUTE,-2.877914311780166,48.42991708436529,86023818.0,Polygon,Poste électrique de Plaine-Haute,400000;225000,RTE,,
LANDERNEAU,-4.236608845826533,48.46053471691514,147394009.0,Polygon,Poste électrique de Landerneau,250000;63000;20000,RTE,,
SOISSONS-NOTRE-DAME,3.320071219858648,49.35596416092264,83118679.0,Polygon,Poste électrique de Soissons-Notre-Dame,225000,RTE,,
GRISOLLES,6.136568761289752,44.57833833554758,101207712.0,Polygon,Poste électrique de Grisolles,225000;63000,RTE,,
PLAN-DE-GRASSE,6.9402220623828255,43.65568600461634,69332224.0,Polygon,Poste électrique de Plan de Grasse,225000,RTE,,
ST-ORENS,1.5115386311810703,43.55262119981538,16287586.0,Polygon,Poste électrique de Saint-Orens,225000,RTE,,
CROIX-DE-METZ,5.916374424488044,48.69208295129416,120861987.0,Polygon,Poste électrique de Croix-de-Metz,225000;63000;20000,RTE,,
AVOINE (POSTE 400 KV),0.1634846272013932,47.22425638733651,117446401.0,Polygon,Poste électrique d'Avoine,400000,RTE,,
NIORT,-0.4334049411103259,46.34889135332895,85446794.0,Polygon,Poste électrique de Niort,225000;90000;20000,RTE,,
LOGES (LES),2.286403235794015,48.58268341279068,24990664.0,Polygon,Poste électrique des Loges,225000,RTE,,
ARLOD,5.81771934755848,46.097259200836376,118112539.0,Polygon,Poste électrique d’Arlod,225000,RTE,,
VESLE,4.24055317672801,49.20151866320367,82805188.0,Polygon,Poste électrique de Vesle,400000;225000,RTE,,
GODIN,2.227691450595254,44.54078870034341,147174230.0,Polygon,Poste électrique de Godin,225000;63000,RTE,,
CRECHETS (LES),2.7135825254262884,50.66333654386318,547443051.0,Polygon,Poste électrique des Crechets,225000;90000,RTE,,
AVIGNON (POSTE),4.854952560941173,43.94818622150965,135183628.0,Polygon,Avignon,225000;63000;20000,RTE,,
ESCAILLON (L ),5.891941087949274,43.13194729250653,405909509.0,Polygon,Escaillon,225000,RTE,No 100% match,
GAUDIERE (LA),2.677401396763789,43.241045185626106,98890904.0,Polygon,Poste électrique de La Gaudière,400000;225000,RTE,,
PRESSY,6.5607927401539,46.079787607968086,147580985.0,Polygon,Poste électrique de Pressy,225000;63000,RTE,,
BEAUTOR (POSTE),3.3267038550789256,49.65394243421609,146534501.0,Polygon,Poste électrique de Beautor,225000,RTE,,
MAUBEUGE,3.929384323186035,50.2637394893529,147398275.0,Polygon,Poste électrique de Maubeuge,225000,RTE,,
ECHALAS,4.7193148747240015,45.54284253568639,84476231.0,Polygon,Poste électrique de Échalas,400000;225000,RTE,,
MOUGINS,7.007809339400569,43.5841244154942,139593701.0,Polygon,Poste électrique de Mougins,225000;63000,RTE,,
BELLE-DE-MAI,5.388441653799045,43.31047523777589,733773994.0,Polygon,Belle-de-mai,225000,Enedis,,
PONTARLIER,6.357523446442784,46.911745027955696,39575812.0,Polygon,Poste électrique de Pontarlier,225000;63000,RTE,,
FLEYRIAT,5.209880267366304,46.23238359746115,122752897.0,Polygon,Poste électrique de Fleyriat,225000;63000,RTE,,
VALENCE,4.927101192527544,44.91797786621502,133181704.0,Polygon,Valence,225000;63000;20000,RTE,,
FLANDRE,2.3768307552640717,48.889655597426895,64040271.0,Polygon,Poste électrique de Flandre,225000;20000,Enedis,,
HERIE-LA-VIEVILLE (LE),3.662200566766337,49.80888463688896,818615628.0,Polygon,Le Hérie-la-Viéville,225000,RTE,,
FRONCLES,5.148848069848608,48.294497528956974,120747628.0,Polygon,Poste électrique de Froncles,225000;63000;20000,RTE,,
ARGIESANS,6.814023099422458,47.60182420710675,123120808.0,Polygon,Poste électrique de Argiesans,225000,RTE,,
LOSCOAT,-4.4970177530090645,48.4253168640382,125550372.0,Polygon,Poste électrique de Loscoat,225000;63000;20000,RTE,,
ROUSSON,3.278460781776494,48.09467553968895,130017468.0,Polygon,Poste électrique de Rousson,225000;63000,RTE,,
YAINVILLE,0.8223870396425373,49.45951932126907,147581003.0,Polygon,Poste électrique de Yainville,225000;90000,RTE,,
PARISET,5.699779959520607,45.1801665414873,95810878.0,Polygon,Pariset,225000,RTE,,
MARLENHEIM,7.52645200218925,48.61184902188632,118086309.0,Polygon,Poste électrique de Marlenheim,400000;225000,RTE,,
ST ETIENNE DU ROUVRAY,1.10515081750056,49.36867613362774,35171597.0,Polygon,Poste électrique de Saint-Étienne-du-Rouvray,225000,RTE,No 100% match,
MIONS,4.9755449516844985,45.67434685130108,24020441.0,Polygon,Poste électrique de Mions,400000;225000;63000,RTE,,
VIELMOULIN,4.687244564902636,47.326143973596864,179260933.0,Polygon,Poste électrique de Vielmoulin,400000;225000;63000;20000,RTE,,
PIQUAGE A SAINT GERONS,2.2218949227252884,44.94669987653186,121152763.0,Polygon,Poste électrique de Gatellier,225000;90000,RTE,,
CASTELLET (LE),5.72385739901521,43.25069501797453,620325313.0,Polygon,Poste électrique du Castellet,225000,RTE,,
LANDRES,5.774121227622154,49.30753790885668,184492595.0,Polygon,Poste Electrique de Landres,225000;63000;20000,RTE,,
QUINTES (LES),0.2404904628849536,47.886113638222696,86131984.0,Polygon,Poste électrique des Quintes,400000;22500,RTE,,
VOLVIC,3.065712330501152,45.889534306292944,137191333.0,Polygon,Poste électrique de Volvic,225000;63000;20000,RTE,,
ROMAINVILLE,2.437676328633132,48.89450259734256,35538714.0,Polygon,Poste électrique de Romainville,225000,RTE,,
BACALAN,-0.5458377588121449,44.8823049865033,147394004.0,Polygon,Poste électrique de Bacalan,225000,RTE,,
LIVIERE,2.981688487125598,43.19682740317284,130459448.0,Polygon,Poste électrique de Livière,225000;63000,RTE,,
VALDIVIENNE,0.6488948603550241,46.46572161955523,105690676.0,Polygon,Poste électrique de Valdivienne,400000;225000;90000,RTE,,
JALIS,0.5872963735399371,43.62215742649771,604408491.0,Polygon,Poste de Jalis,225000;63000;20000,RTE,,
PATIS,2.1005672699182782,49.39201805130937,147580978.0,Polygon,Poste électrique de Patis,225000;63000,RTE,,
TAMAREAU,3.71616380786665,43.63265775919651,26376870.0,Polygon,Poste électrique de Tamareau,400000;225000,RTE,,
CORNIER,6.295157110410793,46.08462831232315,100500802.0,Polygon,Poste électrique de Cornier,400000;225000;63000;20000,RTE,,
AUSSOIS,6.71224842719693,45.21475850394963,146449309.0,Polygon,Poste électrique de Aussois,225000;63000,RTE,,
ST-CHAMAS,5.071219616761583,43.52762470069199,147174246.0,Polygon,Poste électrique de Saint-Chamas,250000;225000,RTE,,
DECHY,3.1389567417094595,50.36252823298376,129440971.0,Polygon,Poste électrique de Dechy,150000;225000,RTE,,Duplicated OSM name: 129440971 129440972
SARRE,3.120437727304324,45.77118329647386,43852864.0,Polygon,Poste source de la Sarre,225000,RTE,,
CONTAMINE,6.554283833950931,45.49395157068296,183105308.0,Polygon,Poste électrique de Contamine,225000;63000,RTE,,
TOURBE,-0.2642733540253098,49.10824354913047,85895367.0,Polygon,Poste électrique de Tourbe,400000;225000,RTE,,
CHAMPAGNIER,5.709151367175392,45.10635550659961,69813552.0,Polygon,Poste électrique de Champagnier,400000;225000,RTE,,
FEUILLANE,4.906242358416042,43.45490088097801,104481448.0,Polygon,Poste électrique de la Feuillane,400000;225000,RTE,,
JONQUIERES,4.583663510508495,43.82899443280969,114018928.0,Polygon,Poste électrique des Jonquières,400000;225000;63000,RTE,,
FAMARS,3.505722477144709,50.31162476441232,129624451.0,Polygon,Poste électrique de Famars,225000,RTE,,
ST-VINCENT,3.2188776201910665,43.36881814347296,113338234.0,Polygon,Poste électrique de Saint-Vincent,225000;63000,RTE,,
VENTHON-POSTE,6.403399583267282,45.693207423562,183266838.0,Polygon,Poste électrique de Venthon,42000;225000,RTE,,
CHAUSSEE (LA),4.511811489507879,48.83871518003736,164310983.0,Polygon,Poste électrique de la Chaussée,225000;63000;20000,RTE,,
SAVIGNAC,3.0337527657512644,45.10246990229314,135873560.0,Polygon,Poste électrique de Savignac,225000;63000,RTE,,
YVELINES-OUEST,1.8288185348619967,48.80437562640996,117350758.0,Polygon,Poste électrique d'Yvelines-Ouest,400000;225000,RTE,,
SAONE,6.136097967126295,47.23334206044292,589691209.0,Polygon,Poste électrique de Saône,225000,RTE,,
CHARENTON,2.406798388907224,48.82084527456937,133667044.0,Polygon,Poste électrique de Charenton,225000;63000;20000,RTE,,
MONTVICQ,2.821086947554377,46.30583191927754,75509664.0,Polygon,Poste électrique de Montvicq,225000;63000,RTE,,
GARCHIZY,3.084848482583888,47.03122422589732,142456160.0,Polygon,Poste électrique de Garchizy,225000;63000,RTE,,
MOIRANS,5.553324870452959,45.32828939534037,133637359.0,Polygon,Poste électrique de Moirans,225000,RTE,,
BEAUCHAMPS,1.5248566356044522,50.00674597240173,148059532.0,Polygon,Poste électrique de Beauchamps,225000;90000,RTE,,
GRAND-COURONNE,0.9931905251251542,49.35050586224179,119048154.0,Polygon,Poste électrique de Grand-Couronne,225000,RTE,,
TALAMET,1.9488252860371336,44.96690501819319,138979502.0,Polygon,Poste électrique de Talamet,225000;90000;63000,RTE,,
SOLEIL (LE),4.408672269629158,45.46162054945599,130549366.0,Polygon,Poste électrique du Soleil,225000;63000,RTE,,
DAMERY,3.8711134187530702,49.07579236709756,147394008.0,Polygon,Poste électrique de Damery,225000;63000,RTE,,
FALLOU,2.26137353147927,48.93790144246663,62233233.0,Polygon,Poste électrique de Fallou,225000,RTE,,
RAIE-TORTUE,2.2510593405209804,48.78857443696879,118260050.0,Polygon,Raie-Tortue,225000,RTE,,
TRAN5 / GAVRE PERTA 1,2.903556399430315,50.045875974178536,823872758.0,Polygon,Le Transloy,225000,RTE,No 100% match,
VALESCOURT,2.4515122304184613,49.482877960206615,147580998.0,Polygon,Poste électrique de Valescourt,225000,RTE,,
BERGHOLZ,7.089421714576047,48.767228900194006,193292042.0,Polygon,Poste électrique de Bergholz,225000;63000,RTE,,
BRAILLY-CORNEHOTTE,1.9678257486540096,50.23634274716516,219639224.0,Polygon,Poste électrique de Brailly-Cornehotte,225000,RTE,,
BOURGUIGNON,6.775659659715706,47.42148099122222,490191058.0,Polygon,Poste électrique du Bourguignon,225000;63000,RTE,,
MARQUIS (LE),-0.5512377637501997,45.01043482790048,105840884.0,Polygon,Poste électrique du Marquis,400000;225000;63000,RTE,,
GRANDVAL,3.0724148135584173,44.92146347942401,135855287.0,Polygon,Poste électrique de Grandval,225000,RTE,,
COQUAINVILLIERS,0.1957160546195731,49.21124264418577,85955250.0,Polygon,Poste électrique de Coquainvilliers,225000;90000,RTE,,
RIVIERE (LA),4.405885832837824,45.412722661942624,473670083.0,Polygon,Poste électrique de la Rivière,225000;63000,RTE,,
PELISSIER,2.138044628672913,43.954478836372346,112925040.0,Polygon,Pélissier,225000;63000;20000,RTE,,
DIGUE-DES-FRANCAIS,7.206854694711303,43.67657567060317,467599613.0,Polygon,Poste électrique de Digue des Francais,225000;20000,Enedis,,
BEZAUMONT,6.097581672005685,48.85728387840168,81665271.0,Polygon,Poste électrique de Bezaumont,400000;225000,RTE,,
CHABOSSIERE (LA),-1.685414512842228,47.20669609384682,92896823.0,Polygon,Poste électrique de la Chabossière,225000;63000,RTE,,
SANDOUVILLE,0.2954147464295522,49.475583872964016,34349978.0,Polygon,Poste électrique de Sandouville,225000;90000,RTE,,
VOLVON,4.321383313617878,45.55948227243152,95986421.0,Polygon,Poste électrique de Volvon,225000,RTE,,
BREUIL (LE),4.45023630403778,46.78863197864646,157504231.0,Polygon,Breuil,225000,RTE,Multiple matches,
SAUSSET,2.575599591423095,48.97613854529806,188144496.0,Polygon,Poste électrique de Sausset,400000;225000,RTE,,
LOGIS-NEUF,4.791391738240791,44.67464875775935,135314787.0,Polygon,Poste électrique de Logis-Neuf,225000;63000,RTE,,
ETIVAL,6.871716586005524,48.37883400488678,121071312.0,Polygon,Poste électrique d'Étival-Clairefontaine,225000;63000,RTE,,
MORU,2.674600620595094,49.31128967634768,118216361.0,Polygon,Poste électrique de Moru,225000;63000,RTE,,
VERLHAGUET,1.317399996766861,43.98270457722778,114359287.0,Polygon,Poste électrique de Verlhaguet,225000,RTE,,
PUISEUX,2.0130969252784565,49.05455038499652,41591146.0,Polygon,Poste électrique de Puiseux,225000;63000,RTE,,
LUTTERBACH,7.25744951807286,47.752793041701416,126417428.0,Polygon,Poste électrique de Lutterbach,225000,RTE,,
CORDEMAIS-POSTE,-1.8704371826262796,47.28614568908637,112342683.0,Polygon,Poste électrique de Cordemais,400000;225000,RTE,,
FLOIRAC,-0.5241749388714608,44.82095255626394,111449797.0,Polygon,Poste électrique de Floirac,225000;90000;63000;20000,RTE,,
ETUPES,6.847868776808252,47.50738282361747,89158123.0,Polygon,Poste électrique d’Étupes,225000,RTE,,
COMMERVEIL,0.3759746926887514,48.31674916248496,146449311.0,Polygon,Poste électrique de Commerveil,225000;90000,RTE,,
HAVRE (LE) (POSTE),0.1481989297049731,49.47773131746289,118244194.0,Polygon,Poste électrique du Havre,400000,RTE,,
GINESTOUS,1.4117002848165996,43.657880917475445,110876167.0,Polygon,Poste électrique de Ginestous,225000;63000,RTE,Multiple matches,
CUSSET-POSTE,4.916276091043567,45.76496614431106,114254761.0,Polygon,Poste électrique de Cusset,225000;63000;20000,RTE,,
CESTAS,-0.7977558245575862,44.72014102422742,584362062.0,Polygon,Poste électrique de Cestas,225000,RTE,,
PASSY,6.724982747024154,45.91596974009757,182816228.0,Polygon,Poste électrique de Passy,225000,RTE,,
NAOUTOT,-0.518361323313848,43.85974720680717,113020114.0,Polygon,Poste électrique de Naoutot,225000,RTE,,
JACQUARD,4.376053827429821,45.44390746288881,130562947.0,Polygon,Poste électrique de Jacquard,225000,RTE,,
MAUREIX (LE),1.4636688960679676,45.92555010710459,139834740.0,Polygon,Poste RTE de Maureix,225000;90000,RTE,,
SISTERON,5.921334898760826,44.21258979829608,146534506.0,Polygon,Poste électrique de Sisteron,225000;63000;20000,RTE,,
BRENS (CNR),1.9597922281984563,43.90560138628064,549628132.0,Polygon,Poste électrique de Brens,225000;63000,RTE,,
LANNEMEZAN,0.3925980200748006,43.113057655581045,294002018.0,Polygon,Poste électrique de Lannemezan,225000;150000;63000;20000,RTE,,
SEREIN,3.7409523113776806,47.88650859660908,81228088.0,Polygon,Poste électrique de Serein,400000;225000,RTE,,
RECY,4.340563718304821,48.99478865974542,147394017.0,Polygon,Poste électrique de Recy,225000;63000;20000,RTE,,
MORBRAS,2.648241856851585,48.778846986017,27266058.0,Polygon,Poste électrique de Morbras,400000;225000,RTE,Multiple matches,
PRAZ-ST-ANDRE,6.58358349607016,45.205333973914605,147132690.0,Polygon,Poste électrique de La Praz Saint-André,400000,RTE,,
VENISSIEUX,4.906080987141097,45.71639677415053,125721667.0,Polygon,Poste électrique de Vénissieux,225000,RTE,,
CHEVIRE,-1.6098709601334558,47.1870712846763,39407602.0,Polygon,Poste électrique de Cheviré,225000,RTE,,
COLAYRAC,0.5636695063431392,44.22782887236463,142571672.0,Polygon,Poste électrique de Colayrac,225000;63000,RTE,,
GIVORS,4.786765256266555,45.571918358535534,118133021.0,Polygon,Poste électrique de Givors,225000,RTE,,
ST-VULBAS-EST,5.260250697953135,45.79738192257896,823662703.0,Polygon,Poste électrique de Saint-Vulbas Est,225000;63000,RTE,,
AQUEDUCS (LES),2.429504900464784,48.59371110884539,24913871.0,Polygon,Les Aqueducs,225000;63000,RTE,,
MONTGROS,3.7196957654324887,44.79124222958807,818615647.0,Polygon,Poste électrique de Montgros,225000,RTE,,
STE-FEYRE,1.9210745038795516,46.19670853572555,138278216.0,Polygon,Poste Électrique de Saint-Feyre,225000;90000,RTE,,
BALMA (POSTE),1.4939208467206977,43.61637600039548,1604500.0,MultiPolygon,Poste Électrique de Balma,225000;63000,RTE,,
PEYRAT-LE-CHATEAU,1.80345411742146,45.80185598105071,138108387.0,Polygon,Poste de Peyrat-le-Château,225000,RTE,,
VAL-DE-SEVRE,-0.656416877820541,46.75113214690699,152835217.0,Polygon,Poste électrique de Val de Sèvre,225000;90000,RTE,,
CHAMPS-REGNAUD,5.059902941434405,47.352616929083226,122061929.0,Polygon,Poste électrique de Champs-Regnaud,250000;225000,RTE,,
FOSSES (LES),3.110815105280902,48.78993460880218,137365310.0,Polygon,Poste électrique des Fosses,225000;63000,RTE,,
PALUN (LA),5.486185463423369,43.46657748161366,101108382.0,Polygon,Poste électrique de La Palun,225000;63000,RTE,,
BROC-CARROS (LE),7.191599545888139,43.80309836528215,90842395.0,Polygon,Poste électrique de Le Broc-Carros,400000;225000,RTE,,
PUTEAUX,2.23508132969796,48.87714414688612,244036491.0,Polygon,Puteaux,225000,RTE,,
TERRIER,2.259006249385116,49.21758053852616,85047359.0,Polygon,Poste électrique de Terrier,400000;225000,RTE,,
CHAINGY,1.8033191687367125,47.87560254679455,34198056.0,Polygon,Poste électrique de Chaingy,400000;225000;90000;20000,RTE,,
VOUGLANS,5.654585932782063,46.39345430435083,95209542.0,Polygon,Poste électrique de Vouglans,225000,RTE,,
HOURAT (LE),-0.4291161612686155,42.984331690739616,147581012.0,Polygon,Le Hourat,225000,RTE,,
COMPIEGNE,2.840970517559265,49.43495128676192,118216358.0,Polygon,Poste électrique de Compiègne,225000;63000,RTE,,
VILLERAS,2.1783812021433926,48.74573466334879,22873838.0,Polygon,Poste électrique de Villeras,225000,RTE,,
DOBERIE,-2.4541491716877686,48.50659132873407,147174234.0,Polygon,Poste électrique de La Doberie,225000;63000,RTE,,
GAMPALOUP,4.833394432267036,45.33527731056643,128106453.0,Polygon,Poste électrique de Gampaloup,225000;63000,RTE,,
GREZILLAC,-0.2318769264086129,44.81332651720445,142420422.0,Polygon,Poste électrique de Grézillac,225000;63000;20000,RTE,,
MANOIR (LE),1.2176501905496129,49.317319040956136,166057222.0,Polygon,Poste électrique du Manoir,225000,RTE,,
CONFLUENT,5.702935825337976,45.196981032037385,107121899.0,Polygon,Poste électrique du Confluent,225000,RTE,,
LATENA,2.9381611097735045,49.65763875296639,85273680.0,Polygon,Poste électrique de Laténa,400000;225000,RTE,,
VENDIN,2.864939254650347,50.4685532233691,169393427.0,Polygon,Poste électrique de Vendin,225000;20000,RTE,,
ROUGEMONTIER,0.7355471588320779,49.34348974267455,85827397.0,Polygon,Poste électrique de Rougemontier,400000;225000,RTE,,
BARJAC,4.34339842669135,44.31476674228252,147394005.0,Polygon,Poste électrique de Barjac,225000;20000,RTE,,
MANDARINS,1.7843974624568937,50.90331325892555,85196424.0,Polygon,Poste électrique des Mandarins,400000;225000;90000,RTE,,
POTEAU-ROUGE,-3.3117163915584444,47.825184934111554,146360244.0,Polygon,Poste électrique de Poteau-Rouge,225000;63000,RTE,,
BOUDEYRE,4.372992246231929,44.5754924861992,135727900.0,Polygon,Poste de Boudeyre,225000;63000,RTE,,
ST-FLORENT,-0.4748073148624246,46.30617847650347,61238361.0,Polygon,Poste électrique de Saint-Florent,225000;90000;20000,RTE,,
ARGIA (BAYONNE SUD),-1.430143384491395,43.4213984507823,111558550.0,Polygon,Poste électrique de Argia,400000;225000;63000,RTE,,
ELANCOURT,1.9508324646829425,48.774423529553424,318195497.0,Polygon,Poste électrique d’Élancourt,225000;63000,RTE,,
PRIMEVERES,2.5137213155637603,48.943972528564544,158232795.0,Polygon,Poste électrique Primevères,225000;20000,RTE,,
GROSNE,4.711010142453507,46.62957828984774,122563466.0,Polygon,Poste électrique de Grosne,400000;225000,RTE,,
ARRIGHI,2.414612897623849,48.78569553663021,46172440.0,Polygon,Arrighi,225000;63000,RTE,,
SQUIVIDAN,-4.053511386932675,48.0171712465864,95409416.0,Polygon,Poste électrique de Squividan,225000;63000,RTE,,
ARGOEUVES,2.2500217492874155,49.939636073958,36805588.0,Polygon,Poste électrique d’Argœuves,400000;225000;90000,RTE,,
PIQUAGE A FONCROSE,-0.0868719250040314,44.713932298819046,777545899.0,Polygon,Sauveterre de Guyenne,225000,Terega,,
CONCARNEAU,-3.892020053264447,47.89491630269528,99623587.0,Polygon,Poste électrique de Concarneau,225000,RTE,,
MARGERIDE,3.2815449065205504,44.79151118445543,136326140.0,Polygon,Margeride,225000;63000,RTE,,
CANTEGRIT,-0.8874731635478651,44.01307996889378,111458307.0,Polygon,Poste électrique de Cantegrit,400000;225000;63000,RTE,,
NEMOURS,2.687918675029267,48.23511115717815,186499822.0,Polygon,Poste électrique de Nemours,225000;63000;20000,RTE,,
EYBENS,5.753924021228648,45.15405608233718,40266681.0,Polygon,Poste électrique de Eybens,225000;63000,RTE,,
CRENEY,4.13769568463662,48.34711693277457,120707003.0,Polygon,Poste électrique de Creney-prés-Troyes 400kV,400000,RTE,,
BOUTRE,5.832309249463066,43.690902435947,100087916.0,Polygon,Poste électrique de Boutre,400000;225000,RTE,,
BAYET,3.295142718556204,46.27305908210413,71933086.0,Polygon,Poste électrique de Bayet,400000;225000;63000,RTE,,
CIZE,5.462685973827549,46.20487633735913,122748502.0,Polygon,Poste électrique de Cize,225000;63000,RTE,Multiple matches,
CHAVANOD,6.081190186768341,45.89430705656168,183182430.0,Polygon,Poste électrique de Chavanod,225000;63000,RTE,,
SANSSAC (L'EGLISE),3.800328765086924,45.04511030609557,125495792.0,Polygon,Poste électrique de Sanssac l'église,225000,RTE,No 100% match,
DONZAC,0.8228435543877017,44.10262786770663,105913465.0,Polygon,Poste électrique de Donzac,400000;225000,RTE,,
FEROUGE,1.4663567188475024,44.91564983551011,139098414.0,Polygon,Ferouge,225000;63000;20000,RTE,,
TOLBIAC,2.3553233607909574,48.826606147258936,231157312.0,Polygon,Poste électrique de Tolbiac,225000;20000,Enedis,,
BONNEAU,0.3938835328311938,46.598490731575865,115476080.0,Polygon,Bonneau,225000;90000,RTE,,
ILE-NAPOLEON,7.382439775701773,47.76909311204257,130132975.0,Polygon,Poste électrique de Île-Napoléon,225000,RTE,,
BRUGES,-0.6366033331683605,44.89091410662067,138610604.0,Polygon,Poste électrique de Bruges,225000,RTE,,
DARSE,4.847465500418725,43.42833966155749,105202875.0,Polygon,Darse,225000,RTE,,
MOHON,4.736867514712934,49.752781813943145,129628306.0,Polygon,Poste électrique de Mohon,63000;225000,RTE,,
CHOLET,-0.9021375520306708,47.05873001442625,57941014.0,Polygon,Poste électrique de Cholet,225000;90000;20000,RTE,,
GRANDE-ILE,6.028007762136324,45.470764240637365,84182609.0,Polygon,Poste électrique de Grande-Île,400000;225000;63000,RTE,,
GUARBECQUE,2.504419717472642,50.61900409808582,147580973.0,Polygon,Poste électrique de Guarbecque,225000;90000;20000,RTE,,
MACON,4.773227923277976,46.288070886909786,156953619.0,Polygon,Poste électrique de Mâcon,225000;63000,RTE,,
ROSIERES,4.054319473519231,48.26194186268075,107434290.0,Polygon,Poste électrique de Rosières-prés-Troyes,225000;63000,RTE,No 100% match,
VERSAILLES,2.148133512371692,48.792218380596566,32067290.0,Polygon,Versailles,225000,Enedis,,
ECHINGHEN,1.6397663199787968,50.6966256063528,147580965.0,Polygon,Poste électrique d’Echinghen,90000;225000,RTE,,
DAMBRON,1.855706801990883,48.106875100288114,86260748.0,Polygon,Poste électrique de Dambron,400000;225000;90000;20000,RTE,,
LAUNAY,-1.260346110239333,48.56372878938409,85877326.0,Polygon,Poste électrique de Launay,400000;225000;90000,RTE,,
SETIER,3.345994851015589,49.84306065682443,98945703.0,Polygon,Poste électrique de Setier,225000;63000,RTE,,
VANDIERES,6.022081281631991,48.9508345086006,147398279.0,Polygon,Poste électrique de Vandières,225000,RTE,,
ORMES,3.9753453206418863,49.236192430144165,86969390.0,Polygon,Poste électrique de Ormes,225000,RTE,Multiple matches,
MARMAGNE,2.2603565222038,47.1019372593821,23286313.0,Polygon,Poste électrique de Marmagne,400000;225000;90000,RTE,,
CHAMPVANS,5.444234868817097,47.098168851176034,120464542.0,Polygon,Poste électrique de Champvans,225000;63000,RTE,,
PERIZET (LE),3.3639738096873275,50.08489780188879,170184991.0,Polygon,Poste électrique du Perizet,225000,RTE,,
RIORGES,4.055958011338848,46.058075659294765,118121877.0,Polygon,Riorges,225000;63000,RTE,,
PORTET-ST-SIMON,1.3868310792794034,43.52817016156272,110468028.0,Polygon,Poste électrique de Portet Saint-Simon,225000,RTE,,
ROQUEROUSSE,5.101025555911878,43.67350367860536,121161175.0,Polygon,Poste électrique de Roquerousse,225000;63000,RTE,,
PORCHEVILLE,1.7627504811047143,48.97139507572109,89022080.0,Polygon,Poste électrique de Porcheville,225000;90000;63000,RTE,,
BUTTES-CHAUMONT,2.376256207172929,48.87556461518332,63213632.0,Polygon,Poste électrique des Buttes-Chaumont,225000;20000,Enedis,,
CUBNEZAIS,-0.435529654620965,45.068760091836005,235370803.0,Polygon,Poste électrique de Cubnezais,400000;225000;63000,RTE,,
HENRI-PAUL,4.5037454035801,46.74703277706743,318502246.0,Polygon,Poste électrique Henri-Paul,400000;225000;150000;63000;20000,RTE,,
PIERRETTE (LA),4.716746380873127,44.34340383071269,545872196.0,Polygon,Poste électrique de Pierrelatte,225000,RTE,No 100% match,
MOREAU,2.390334633547349,43.21138377496945,110602441.0,Polygon,Poste électrique de Moreau,225000,RTE,,
VILLEJUST,2.2302816926421167,48.67621085446246,23287448.0,Polygon,Poste électrique de Villejust,400000;225000;90000,RTE,,
VITTEL,5.9508979161044815,48.18998915596685,120945065.0,Polygon,Poste électrique de Vittel,225000;63000;20000,RTE,,
PIQUAGE A VILLIERS-LE-BEL,2.4078299391140243,49.010872767372014,82741335.0,Polygon,Poste électrique de Villiers-le-Bel,225000,RTE,,
PUSY,6.16372801454688,47.65288519567413,120522167.0,Polygon,Poste électrique de Pusy,225000,RTE,,
GRANDE-SYNTHE,2.279066735326102,51.01230851308612,13260224.0,MultiPolygon,Poste électrique de Grande-Synthe,225000,RTE,,
BIANCON,6.835855694028652,43.59507265828481,121500497.0,Polygon,Poste électrique du Biançon,400000;225000,RTE,,
PYMONT,5.56186021802868,46.691693449536096,122361853.0,Polygon,Poste électrique de Pymont,225000;63000,RTE,,
QUATRE-SEIGNEURS,3.8424720943821633,43.64689422438381,26395237.0,Polygon,Poste électrique Quatre Seigneurs,225000,RTE,,
THEIX,-2.6809620479283973,47.66215709009517,86462910.0,Polygon,Poste électrique de Theix,225000;63000,RTE,,
RECOUVRANCE,-1.234903601368997,47.076784806305454,147394016.0,Polygon,Poste électrique de Recouvrance,225000;90000,RTE,,
VINS,6.112555858702216,43.43588456757084,148059536.0,Polygon,Poste électrique de Vins,225000;63000,RTE,,
VIGNOL,3.6490120290748274,47.34382961949672,142456176.0,Polygon,Poste électrique de Vignol,225000;63000,RTE,,
CHANCENAY,4.998529566896513,48.67686477428426,259142886.0,Polygon,Poste électrique de Chancenay,225000,RTE,,
RULHAT,3.2703636157177685,45.81346328751174,71933077.0,Polygon,Poste électrique de Rulhat,400000;225000,RTE,,
CASTELLE (LA),3.872228387746675,43.5679835258952,455245314.0,Polygon,La Castelle,225000,SNCF Réseau,,
CHATEAU-GOMBERT,5.431688226984606,43.33770032006772,530490670.0,Polygon,Poste source de Chateau-Gombert,225000,Enedis,,
PONTEAU,5.0233653027845335,43.36096764487542,214858101.0,Polygon,Poste électrique de Ponteau,400000;225000,RTE,,
BEZON,-2.4171207576681906,47.90666020994012,146360239.0,Polygon,Poste électrique de Bézon,225000;63000,RTE,,
COUCHEY,4.99998803924863,47.25477398561348,122104435.0,Polygon,Poste électrique de Couchey,225000,RTE,,
PRELES (LES),3.608005053084936,47.807993164834826,97786202.0,Polygon,Poste électrique des Preles,225000,RTE,,
VERFEIL,1.6721882967844732,43.6295513798006,109817708.0,Polygon,Poste électrique de Verfeil,400000;225000;63000,RTE,,
CALAN,-3.302988870976449,47.880700518173306,210389707.0,Polygon,Poste électrique de Calan,400000;225000,RTE,,
BEAUMONT-MONTEUX,4.927969761989198,45.01921084476493,84603564.0,Polygon,Poste électrique de Beaumont Monteux,400000;225000;63000,RTE,,
BISSY,5.900736782330945,45.590256332308485,56585982.0,Polygon,Poste électrique de Bissy,225000;63000,RTE,,
AIRVAULT,-0.125149449153224,46.82407334781555,110522458.0,Polygon,Poste électrique de Airvault,225000,RTE,,
PONT-SEPT,0.1803828398352625,49.49523789300424,34398164.0,Polygon,Poste électrique du Pont-Sept,225000;90000;20000,RTE,,
RICHEMONT,6.179252577534928,49.284074578177005,207292011.0,Polygon,Richemont,225000,RTE,,
WEPPES,2.894944190777114,50.64433889523532,85605959.0,Polygon,Poste électrique de Weppes,400000;225000,RTE,Multiple matches,
TREGUEUX,-2.77080427687314,48.4907965577808,142456148.0,Polygon,Poste électrique de Trégueux,225000,RTE,,
ST-JULIEN,6.212201104376367,49.15236584509154,38830347.0,Polygon,Poste électrique de Saint-Julien,225000;63000,RTE,,
TRANS,6.47514663057171,43.51007304351549,121297422.0,Polygon,Poste électrique de Trans en Provence,225000;63000;400000,RTE,,
BOLLENE (POSTE RESEAU),4.735304465410865,44.30342096243059,148059537.0,Polygon,Poste électrique de Bollène,225000,RTE,,
COSSIGNY,2.6788586258422376,48.72873808858362,101086962.0,Polygon,Poste électrique de Cossigny,225000;63000,RTE,,
AUZAT,1.4777752425030504,42.76302533532433,121035301.0,Polygon,Poste électrique de Auzat,225000;63000,RTE,,
MALINTRAT,3.1954954225843704,45.80921493814186,71125063.0,Polygon,Poste électrique de Malintrat,225000;63000,RTE,,
BASTILLAC,0.0400991682325229,43.22531736120912,96822819.0,Polygon,Poste électrique de Bastillac,225000;150000;63000,RTE,,
CHALON,4.861159191235994,46.76297826395016,122568639.0,Polygon,Chalon,225000;63000,RTE,,
VILLEVAUDE,2.662217047888808,48.904562857271806,29088787.0,Polygon,Poste électrique de Villevaudé,400000;225000,RTE,,
CAPELLE (LA),3.935112182325312,49.97365746445162,117975440.0,Polygon,Poste électrique de La Capelle,400000;225000;63000,RTE,,
SAINNEVILLE,0.2740565947056103,49.55198526406825,34387620.0,Polygon,Poste électrique de Sainneville,225000;90000,RTE,,
JUMEAUX (LES),-0.0715083993005005,46.80181624810034,110450456.0,Polygon,Poste électrique de Les Jumeaux,400000;22500,RTE,,
HOLQUE,2.211643906164011,50.85078290846464,129581885.0,Polygon,Poste électrique de Holque,225000;90000,RTE,,
PESSAC,-0.6666384020028563,44.78811088354922,27558020.0,Polygon,Groupement de postes de Pessac,225000;63000;20000,RTE,,
ALBERTVILLE,6.418252587318364,45.66191433169303,56998024.0,Polygon,Poste électrique d'Albertville,400000;225000;63000,RTE,,
GRIMAUD,6.553090063300949,43.26663810469695,986760129.0,Polygon,Grimaud,225000,RTE,,
VOID,5.613811789707658,48.70910854557645,147398280.0,Polygon,Poste électrique de Void,225000,RTE,,
ST-AUBIN,2.143183726753845,48.73033672471541,22873840.0,Polygon,Poste électrique de Saint-Aubin,225000;63000,RTE,,
FOUSCAIS,3.4575389024340577,43.6064861282361,129740666.0,Polygon,Poste électrique de Fouscais,225000;63000,RTE,,
BEAUREGARD (SAINT-LAURENT-NOUAN),1.5788579946089978,47.71877618028552,14974823.0,MultiPolygon,Saint Laurent Nouan,400000,RTE,,
ALLINGES,6.478891663181635,46.33032515307882,147580954.0,Polygon,Poste électrique d’Allinges,225000;63000,RTE,,
DANTOU,0.8305797616071469,44.46155384597746,128524174.0,Polygon,Poste électrique de Dantou,225000;63000,RTE,,
FONT (LA),3.47236874678106,46.15901741339982,136068620.0,Polygon,Poste électrique de La Font,225000;63000,RTE,,
CISSAC,-0.8434906406839077,45.21820631677332,188915706.0,Polygon,Poste électrique de Cissac,225000,RTE,,
ST-CHRISTOL,4.06960035518224,43.70431757950032,24035563.0,Polygon,Poste électrique de Saint-Christol,225000,RTE,,
BERGE,-0.8721002166303096,43.83635741101034,152778326.0,Polygon,Poste de Bergé,225000;63000,RTE,,
RASSUEN,4.967112946895084,43.49374439511464,228049601.0,Polygon,Rassuen,225000,RTE,,
SEINE,2.338279717074566,48.92522381049459,497510591.0,Polygon,Poste électrique Seine,225000;20000,RTE,,
VERTOU,-1.482079415231144,47.18185771126998,100021432.0,Polygon,Poste électrique de Vertou,225000;90000,RTE,,
VILLEMANDEUR,2.716299702811863,47.99402813872712,147394018.0,Polygon,Poste électrique de Villemandeur,225000;90000;20000,RTE,,
GRAFFENSTADEN,7.683645221900053,48.53041161944249,90032133.0,Polygon,Poste électrique de Graffenstaden,225000,RTE,,
REMISE,1.9302099659335952,49.2879344718003,85821243.0,Polygon,Poste électrique de Remise,400000;63000,RTE,,
COURTRY,2.7740366093326108,48.54791757864088,26813222.0,Polygon,Poste électrique de Courtry,225000;63000;20000,RTE,,
ST-PIERRE-DE-BAILLEUL,1.3719880960931217,49.127559457564,138149900.0,Polygon,Poste électrique de Saint-Pierre-de-Bailleul,225000,RTE,,
TAVEL,4.6428471371535815,44.01497155555919,110086345.0,Polygon,Poste électrique de Tavel,400000;225000,RTE,,
FLEAC,0.0878860814991008,45.699290115314135,105652436.0,Polygon,Poste électrique de Fléac,225000;90000;20000,RTE,,
GUEBWILLER,7.226518617652434,47.89933616282525,146449312.0,Polygon,Poste électrique de Guebwiller,225000,RTE,,
BRODE,2.1644419998837754,51.01340041617309,118196373.0,Polygon,Poste électrique Brode,225000,,,
MARTYRE (LA),-4.193367303658032,48.44395782659017,146695955.0,Polygon,Poste électrique de La Martyre,400000;225000,RTE,,
AOSTE,5.611449148978764,45.58385189314885,118127416.0,Polygon,Poste électrique de Aoste,225000;63000;20000,RTE,,
SOULLANS,-1.8871678216497296,46.78451998713779,480525512.0,Polygon,Poste électrique de Soullans,225000,RTE,,
LONG-CHAMP (LE),3.4779868198838244,49.34318894860347,180569105.0,Polygon,Poste électrique de Long-champ,225000,RTE,,
VAUPALIERE (LA),1.0100612505541675,49.48313439694997,85827398.0,Polygon,Poste électrique de La Vaupalière,400000;225000;90000;20000,RTE,,
BOULE (LA),2.203021739946052,48.887335189662814,292180238.0,Polygon,Poste électrique de Boule,225000;20000,Enedis,,
VERTEFEUILLE,3.0371495792349013,50.67644363505204,131317126.0,Polygon,Poste électrique de Vertefeuille,225000,RTE,,
CLEON,1.040153588708114,49.31651181248265,147580956.0,Polygon,Poste électrique de Cléon,225000,RTE,,
RIVENEUVE,1.6410192597364783,43.12056463938202,118400622.0,Polygon,Riveneuve,225000;63000,RTE,,
LONGEFAN,6.35802700278044,45.28420864740965,47633664.0,Polygon,Poste électrique de Longefan,250000;150000;63000;42000,RTE,,
COURRIERES,2.930558810812597,50.45012853467309,147580959.0,Polygon,Poste électrique de Courrières,225000,RTE,,
MONTGUYON,-0.2184332467582663,45.20346975388735,142360067.0,Polygon,Poste électrique de Montguyon,225000;90000;20000,RTE,,
TONNERRE,4.010492142540491,47.852604634225344,128381294.0,Polygon,Poste électrique de Tonnerre,225000;63000;20000,RTE,,
MERLATIERE,-1.330347416235538,46.77643329258932,112310487.0,Polygon,Poste de la Mérlatière,225000,RTE,,
MONTPELLIER,3.849415671424407,43.58054192735395,26272450.0,Polygon,Poste électrique de Saint-Jean-de-Védas,225000;63000,RTE,,
SACLAY (PLATEAU),2.2002987344682725,48.720368925040326,671113556.0,Polygon,Saclay,225000,Enedis,,
SAUMADE,3.8951790016878944,43.622885491798094,22938964.0,Polygon,Poste électrique Saumade,225000,RTE,,
BEC,-0.5945745080530316,45.033399813487534,113024932.0,Polygon,Bec,225000,,,
VIRADEL,4.1773721058457465,44.13783019084918,121101846.0,Polygon,Poste électrique de Viradel,225000;63000,RTE,,
AUBUSSON,2.189149937973588,45.95366809032455,137474877.0,Polygon,Poste d'Aubusson,225000;63000,RTE,,
MOULINEAUX,2.268626703593569,48.82627191573096,658561056.0,Polygon,Poste électrique de Moulineaux,225000,RTE,,
SIERENTZ,7.472244907481793,47.64663556568652,49049745.0,Polygon,Poste électrique de Sierentz,400000;225000,RTE,,
MOUCHE (LA),4.844337948094101,45.720069498343335,137083764.0,Polygon,Poste électrique de La Mouche,225000;63000;20000,RTE,,
SEPTEMES,5.353815907738471,43.39621655967545,27768969.0,Polygon,Poste électrique de Septemes,225000;63000,RTE,,
LINGOSTIERE,7.187848994686302,43.71875690676504,146590045.0,Polygon,Poste électrique de Lingostière,225000;150000;63000,RTE,,
TREVAS,4.164836085457503,45.24445179982512,130659505.0,Polygon,Poste électrique de Trevas,225000;63000,RTE,,
LEGUEVIN,1.2742251362178834,43.59820847731515,115437692.0,Polygon,Poste électrique de Leguevin,225000,RTE,,
BLOCAUX,1.783408677678437,49.77200292324292,167268705.0,Polygon,Poste électrique de Blocaux,225000;90000,RTE,,
LIGNAT,3.265725922492664,45.720176247923696,118727701.0,Polygon,Poste électrique de Lignat,225000;63000,RTE,,
MASTAING,3.2907240279785297,50.29646312721801,82967739.0,Polygon,Poste électrique de Mastaing,400000;225000;90000,RTE,,
CERGY,2.059280671924688,49.04898781715819,41722745.0,Polygon,Poste électrique de Cergy,400000;225000,RTE,,
CIROLLIERS,2.32004357264962,48.55143580447808,24849819.0,Polygon,Poste électrique de Cirolliers,400000;225000,RTE,,
SERRE-PONCON,6.267792938611888,44.46942261688403,111769053.0,Polygon,Poste électrique de Serre-Ponçon,225000;63000,RTE,,
PONTCHATEAU,-2.099867955005618,47.43200471252785,118133898.0,Polygon,Poste électrique de Pontchâteau,225000;63000;20000,RTE,,
BOISSE (LA),5.023123495056956,45.83844454293833,24025291.0,Polygon,Poste électrique de La Boisse,400000;225000;63000,RTE,,
GAVRELLE,2.8853466458979797,50.337263724000216,117893799.0,Polygon,Poste électrique de Gavrelle,400000;225000;90000,RTE,,
ONET-LE-CHATEAU,2.607479501500775,44.387281920692224,116669781.0,Polygon,Poste électrique d'Onet le Chateau,225000;63000;20000,RTE,,
SAUCATS,-0.6136875659121941,44.6141079212705,111456385.0,Polygon,Poste électrique de Saucats,400000;225000;63000,RTE,,
SCHEER,7.519253196765929,48.35673002339583,214483816.0,Polygon,Poste électrique de Scheer,400000;225000,RTE,,
NOUROTTES,2.0128983904905366,48.96669134692172,90415251.0,Polygon,Poste électrique de Nourottes,225000,Enedis,,
ROSPEZ,-3.403058443048307,48.724194945206,147174244.0,Polygon,Poste électrique de Rospez,225000,RTE,,
CUSTINE,6.1386194169790205,48.76544892924667,252139969.0,Polygon,Poste électrique de Custine,225000,RTE,,
MOTTE (LA) (VILLENEUVE-LES-AVIGNON),4.827377762967165,43.98921099909175,130792479.0,Polygon,La Motte,225000;63000,RTE,,Duplicated OSM name: 130792479 130792479
PERTAIN,2.857131599827567,49.79529977306397,85273676.0,Polygon,Poste électrique de Pertain,225000;63000,RTE,,
VILLIERS-LE-BEL,2.4078299391140243,49.010872767372014,82741335.0,Polygon,Poste électrique de Villiers-le-Bel,225000,RTE,,
PIQUAGE A DUVIGNEAU,2.156983432746156,51.01596527342305,648250788.0,Polygon,Duvigneau,225000;20000,OVH,,
NOVION,2.3041709015989684,48.91395212615519,199093574.0,Polygon,Poste électrique de Novion,225000,RTE,,
ARENC,5.366428652928114,43.32196166281136,549010403.0,Polygon,ARENC,225000,RTE,,
GENISSIAT-POSTE,5.804613205739143,46.05589142228186,83293593.0,Polygon,Poste électrique de Génissiat,400000;225000;63000,RTE,,
REVIGNY,4.998007903344118,48.81786201433962,138382023.0,Polygon,Poste électrique de Révigny sur Ornain,400000;225000;63000;20000,RTE,,
CAEN,-0.3456417256927606,49.181246854550416,108084125.0,Polygon,Poste électrique de Caen,225000,Enedis,,
PORT-DE-BOUC (CLIENT),4.991923555295478,43.41526605414159,147174239.0,Polygon,Poste électrique de Port-de-Bouc,250000;225000,RTE,,
GOURJADE,2.252983955880916,43.62310871433722,88689866.0,Polygon,Poste électrique de Gourjade,225000;63000;20000,RTE,,
GRANZAY,-0.5185456036053414,46.21868203266933,105630888.0,Polygon,Poste électrique de Granzay,400000;225000,RTE,,
ST-ELOI,3.212238902326957,46.990999992457326,114363583.0,Polygon,Poste électrique de Saint-Eloi,400000;225000;63000,RTE,,
CHOOZ,4.79575293100652,50.08748548705112,118655802.0,Polygon,Poste électrique de Chooz,225000;63000,RTE,,Duplicated OSM name: 118655802 118655844
OTTMARSHEIM,7.519184976122048,47.77415265505954,47660196.0,Polygon,Poste électrique de Ottmarsheim,225000,RTE,,
TRICASTIN-POSTE (LE),4.715014039217092,44.32943108739134,11278540.0,MultiPolygon,Poste électrique du Tricastin,400000;225000,RTE,,Duplicated OSM name: 11278540 11278540
ANOULD,6.960320732097639,48.18476797752928,121116528.0,Polygon,Poste Électrique d'Anould,225000;63000,RTE,,
RANCE-POSTE,-2.029340599999991,48.6172005,5494329192.0,Point,Poste électrique de Rance,225000,RTE,Multiple matches,
NEOULES,6.022482457568328,43.2763141569342,93189928.0,Polygon,Poste électrique de Neoules,400000;225000,RTE,,
MOULAINE,5.7918773391954685,49.483036049638336,225210595.0,Polygon,Poste électrique de Moulaine,400000;225000;63000,RTE,,
VALENCIENNES,3.538943382542028,50.37593184538417,756397226.0,Polygon,Poste électrique de Valenciennes,225000,RTE,,
GRAND-QUEVILLY,1.0222062463828407,49.419279930915614,197263262.0,Polygon,Poste électrique du Grand-Quevilly,225000,RTE,,
VINCEY,6.326423012924463,48.35379543297753,81758476.0,Polygon,Poste électrique de Vincey,400000,RTE,,
VIGY,6.276941809559501,49.19774007233602,81641090.0,Polygon,Poste électrique de Vigy,400000;225000,RTE,,
ATTAQUES (LES),1.913830101628197,50.92111027676903,85198005.0,Polygon,Poste électrique des Attaques,400000;225000;90000,RTE,,
SERRIERES,5.841917292953638,45.887375887091046,147580994.0,Polygon,Poste électrique de Serrières,225000,RTE,,
FARRADIERE (LA),-0.8604627772889692,45.96706691574136,146366949.0,Polygon,Poste électrique de La Farradiere,225000;90000,RTE,,
MAMBELIN,6.663591631876468,47.3672621834558,39389229.0,Polygon,Poste électrique de Mambelin,400000;225000,RTE,,
WARANDE,2.160319155824567,50.94911054822093,85203486.0,Polygon,Poste électrique de Warande,400000;225000,RTE,,
RUEYRES,2.6891888693379298,44.77925379527623,83726363.0,Polygon,Poste électrique de Rueyres,400000;225000;63000,RTE,,
TERRADOU,5.045178673290756,44.03487490584765,183818442.0,Polygon,Terradou,225000;63000;20000,RTE,,
BRENNILIS,-3.867477810366281,48.354612265644604,105913481.0,Polygon,Poste électrique de Brennilis,225000;63000,RTE,,
ST-CESAIRE,4.336207268622587,43.81210914176864,171051788.0,Polygon,Saint Césaire,225000,RTE,,
PONT-EVEQUE,4.927894385142158,45.52143301430765,454932860.0,Polygon,Poste électrique de Pont-Évêque,225000;63000,RTE,,
MONDION,0.4528572515117732,46.92732709004377,434500830.0,Polygon,Sous-station de Mondion,225000,SNCF Réseau,,
MARSILLON,-0.595459522044251,43.385886819898296,111414142.0,Polygon,Poste électrique de Marsillon,400000;225000;63000,RTE,,
KEMBS,7.517050194126669,47.654242064351095,406691575.0,Polygon,Kembs,225000,RTE,,
BUIRE,4.049265824744399,49.91587333435316,145289725.0,Polygon,Poste électrique de Buire,225000,RTE,,
ST-ESTEVE,5.384681943079001,43.69314883175798,91351689.0,Polygon,Poste électrique de Sainte-Estève,225000;63000,RTE,No 100% match,
ARDOISE (L ),4.703382185628239,44.086352732826,103921705.0,Polygon,Poste électrique de L'Ardoise,225000;63000,RTE,No 100% match,
FRASNE,6.163036729368156,46.87190152579063,159167277.0,Polygon,Poste électrique de Frasne,400000;225000;63000,RTE,,
TUILIERES,0.6359211821295158,44.84447736794636,125164718.0,Polygon,Poste électrique de Tuilières,225000;63000,RTE,,
BEZIERS-EST,3.2597979801031536,43.35194900700595,986793950.0,Polygon,Beziers Est,225000,,,
FLERS,-0.5518117197136669,48.73694107450628,111816982.0,Polygon,Poste électrique de Flers,225000;90000;20000,RTE,,
GROS-CAILLOU,3.33867720853511,50.31717250175043,82976238.0,Polygon,Poste électrique de Gros-Caillou,225000,RTE,,
PREGUILLAC,-0.6059329950725761,45.67386039951008,105571340.0,Polygon,Poste électrique de Préguillac,400000;225000;90000,RTE,,
ROLAMPONT,5.289869570012316,47.92348889146986,120553316.0,Polygon,Poste électrique de Rolampont,225000;63000,RTE,,
GUEUGNON,4.075916918895222,46.60965909975837,122923029.0,Polygon,Gueugnon (EGD),225000;63000,RTE,No 100% match,
MONTOIS,6.0114741441127215,49.21296969164908,147398276.0,Polygon,Poste électrique de Montois,225000,RTE,,
MAZURES,4.6258856673280935,49.90568304637484,82949228.0,Polygon,Poste électrique des Mazures,400000;225000,RTE,,
SAUSSAZ II (LA),6.476512546635715,45.21003135103858,147132693.0,Polygon,La Saussaz II,225000;42000,RTE,,
MITRY-MORY (E.D.F.),2.631388608093626,48.96668119520826,82746780.0,Polygon,Poste électrique de Mitry-Mory,225000;63000,RTE,Multiple matches,
MOLE (LA),2.356662991418138,45.39404524931391,104008765.0,Polygon,Poste électrique de La Mole,225000;90000,RTE,,
TRINITE-VICTOR,7.3189743112252446,43.7471745555379,265745327.0,Polygon,Poste électrique de Trinité Victor,225000;63000;20000,RTE,,
PLAISANCE,2.518867020140813,48.86538235980727,299860588.0,Polygon,Poste électrique de Plaisance,225000,RTE,,
MAUGES (LES),-0.943969673221264,47.266791635167294,101217260.0,Polygon,Poste électrique des Mauges,225000;90000,RTE,,
ST-AVOLD,6.703650244433064,49.138535647845536,129378915.0,Polygon,Poste électrique de Saint-Avold,400000;225000;63000,RTE,,
LONGUENESSE,2.2284010620994508,50.74466647332216,147581013.0,Polygon,Poste électrique de Longuenesse,225000,RTE,,
MASQUET,-0.9497360052630132,44.61990008053884,135585545.0,Polygon,Poste électrique de Masquet,225000,RTE,,
MALGOVERT,6.791300772857452,45.61965627694959,273536873.0,Polygon,Poste électrique de Malgovert,225000;63000,RTE,,
PORT-JEROME,0.5512093847308251,49.482260090374346,247427865.0,Polygon,Poste électrique de Port-Jérôme,225000,RTE,,
CHESNOY (LE),2.866801125788492,48.38932172009288,79866837.0,Polygon,Poste électrique du Chesnoy,400000;225000;63000,RTE,,
SAINTES,-0.6127250674571586,45.751320358584096,105652455.0,Polygon,Poste électrique de Saintes,225000;90000;20000,RTE,,
VILLENEUVE-ST-GEORGES,2.4459707573836207,48.75429817906949,103365741.0,Polygon,Poste électrique de Villeneuve-Saint-Georges,225000,RTE,,
ORANGERIE (L),0.5767065154288868,46.84478261567661,152120009.0,Polygon,Poste électrique de L'Orangerie,225000,RTE,,
SIRMIERE,-1.4119844284079388,46.63432244916548,142505460.0,Polygon,Poste de Sirmière,225000;90000,RTE,,
HARCOURT (POSTE BLINDE),2.267887250737912,48.83391100578298,290139367.0,Polygon,Poste électrique Harcourt,225000;63000,RTE,,
ST-CALAIS,0.7289003087145033,47.91788589005952,147580990.0,Polygon,Poste électrique de Saint-Calais,225000;90000,RTE,,
LANEUVEVILLE,6.234825399438029,48.64882271440957,125003945.0,Polygon,Poste électrique Laneuveville,225000,RTE,,
SAUVETERRE-DE-GUYENNE,-0.0868719250040314,44.713932298819046,777545899.0,Polygon,Sauveterre de Guyenne,225000,Terega,,
LOGELBACH,7.306425645730408,48.08351871761683,118079877.0,Polygon,Poste électrique de Logelbach,400000,RTE,,
